{"time/iterations": 1, "rollout/ep_rew_mean": 313.8852789411764, "rollout/ep_len_mean": 59.55882352941177, "time/fps": 8, "time/time_elapsed": 249, "time/total_timesteps": 2048}
{"train/learning_rate": 0.0003, "train/entropy_loss": -1.2971328500658275, "train/policy_gradient_loss": -0.0012202361394884065, "train/value_loss": 27478.967037963866, "train/approx_kl": 0.0025782010052353144, "train/clip_fraction": 0.007373046875, "train/loss": 7022.1474609375, "train/explained_variance": 0.6755961179733276, "train/std": 0.46406659483909607, "train/n_updates": 2950, "train/clip_range": 0.2, "time/iterations": 2, "rollout/ep_rew_mean": 282.24365459701494, "rollout/ep_len_mean": 59.61194029850746, "time/fps": 8, "time/time_elapsed": 497, "time/total_timesteps": 4096}
