{"time/iterations": 1, "rollout/ep_rew_mean": 148.53006309999995, "rollout/ep_len_mean": 102.35, "time/fps": 8, "time/time_elapsed": 231, "time/total_timesteps": 2048}
{"train/learning_rate": 0.0003, "train/entropy_loss": -1.2532279144972562, "train/policy_gradient_loss": -0.004429890785831958, "train/value_loss": 5853.450206756592, "train/approx_kl": 0.0030821962282061577, "train/clip_fraction": 0.019775390625, "train/loss": 1316.774169921875, "train/explained_variance": 0.9127250984311104, "train/std": 0.45406514406204224, "train/n_updates": 2950, "train/clip_range": 0.2, "time/iterations": 2, "rollout/ep_rew_mean": -28.434317365853687, "rollout/ep_len_mean": 99.2439024390244, "time/fps": 8, "time/time_elapsed": 464, "time/total_timesteps": 4096}
{"train/learning_rate": 0.0003, "train/entropy_loss": -1.2552551466971635, "train/policy_gradient_loss": -0.004148856253596023, "train/value_loss": 5860.805648040771, "train/approx_kl": 0.0034114113077521324, "train/clip_fraction": 0.020263671875, "train/loss": 1312.449951171875, "train/explained_variance": 0.9102987870573997, "train/std": 0.4524585008621216, "train/n_updates": 2960, "train/clip_range": 0.2, "time/iterations": 3, "rollout/ep_rew_mean": 74.87167218644066, "rollout/ep_len_mean": 101.96610169491525, "time/fps": 8, "time/time_elapsed": 693, "time/total_timesteps": 6144}
{"train/learning_rate": 0.0003, "train/entropy_loss": -1.247801949828863, "train/policy_gradient_loss": -0.0041128379656584, "train/value_loss": 9988.970193481446, "train/approx_kl": 0.004190081264823675, "train/clip_fraction": 0.02822265625, "train/loss": 2617.312744140625, "train/explained_variance": 0.8561078906059265, "train/std": 0.4506186842918396, "train/n_updates": 2970, "train/clip_range": 0.2, "time/iterations": 4, "rollout/ep_rew_mean": 25.814454710843375, "rollout/ep_len_mean": 98.42168674698796, "time/fps": 8, "time/time_elapsed": 929, "time/total_timesteps": 8192}
{"train/learning_rate": 0.0003, "train/entropy_loss": -1.2412100993096828, "train/policy_gradient_loss": -0.006358342117164284, "train/value_loss": 11714.559349822997, "train/approx_kl": 0.004561041481792927, "train/clip_fraction": 0.02236328125, "train/loss": 3255.96142578125, "train/explained_variance": 0.8598241657018661, "train/std": 0.4500020742416382, "train/n_updates": 2980, "train/clip_range": 0.2, "time/iterations": 5, "rollout/ep_rew_mean": -37.76488136, "rollout/ep_len_mean": 98.71, "time/fps": 8, "time/time_elapsed": 1165, "time/total_timesteps": 10240}
{"train/learning_rate": 0.0003, "train/entropy_loss": -1.2400712426751852, "train/policy_gradient_loss": -0.0038636321056401356, "train/value_loss": 9553.35908279419, "train/approx_kl": 0.0035760593600571156, "train/clip_fraction": 0.0240234375, "train/loss": 3073.6767578125, "train/explained_variance": 0.8179456740617752, "train/std": 0.4499407410621643, "train/n_updates": 2990, "train/clip_range": 0.2, "time/iterations": 6, "rollout/ep_rew_mean": -51.91951954999999, "rollout/ep_len_mean": 97.53, "time/fps": 8, "time/time_elapsed": 1396, "time/total_timesteps": 12288}
{"train/learning_rate": 0.0003, "train/entropy_loss": -1.2376512587070465, "train/policy_gradient_loss": -0.004717474227072671, "train/value_loss": 8078.148348236084, "train/approx_kl": 0.004343052860349417, "train/clip_fraction": 0.036328125, "train/loss": 2594.100830078125, "train/explained_variance": 0.8977067321538925, "train/std": 0.4487006366252899, "train/n_updates": 3000, "train/clip_range": 0.2, "time/iterations": 7, "rollout/ep_rew_mean": -75.63644854, "rollout/ep_len_mean": 90.93, "time/fps": 8, "time/time_elapsed": 1636, "time/total_timesteps": 14336}
{"train/learning_rate": 0.0003, "train/entropy_loss": -1.2335564188659192, "train/policy_gradient_loss": -0.0051722263364354145, "train/value_loss": 10223.68734741211, "train/approx_kl": 0.005967442877590656, "train/clip_fraction": 0.032421875, "train/loss": 2756.39111328125, "train/explained_variance": 0.8902795910835266, "train/std": 0.44807419180870056, "train/n_updates": 3010, "train/clip_range": 0.2, "time/iterations": 8, "rollout/ep_rew_mean": -62.9826501, "rollout/ep_len_mean": 90.12, "time/fps": 8, "time/time_elapsed": 1869, "time/total_timesteps": 16384}
{"train/learning_rate": 0.0003, "train/entropy_loss": -1.2284410834312438, "train/policy_gradient_loss": -0.006904460483929143, "train/value_loss": 6082.984436798096, "train/approx_kl": 0.005640060640871525, "train/clip_fraction": 0.05107421875, "train/loss": 1396.5848388671875, "train/explained_variance": 0.9148021340370178, "train/std": 0.446397602558136, "train/n_updates": 3020, "train/clip_range": 0.2, "time/iterations": 9, "rollout/ep_rew_mean": -37.54620852999999, "rollout/ep_len_mean": 95.77, "time/fps": 8, "time/time_elapsed": 2100, "time/total_timesteps": 18432}
{"train/learning_rate": 0.0003, "train/entropy_loss": -1.2233745586127043, "train/policy_gradient_loss": -0.006126934417989105, "train/value_loss": 7364.5914283752445, "train/approx_kl": 0.003989660181105137, "train/clip_fraction": 0.036328125, "train/loss": 2486.486083984375, "train/explained_variance": 0.907248392701149, "train/std": 0.44583579897880554, "train/n_updates": 3030, "train/clip_range": 0.2, "time/iterations": 10, "rollout/ep_rew_mean": -72.50655820999998, "rollout/ep_len_mean": 95.08, "time/fps": 8, "time/time_elapsed": 2335, "time/total_timesteps": 20480}
{"train/learning_rate": 0.0003, "train/entropy_loss": -1.2205919712781905, "train/policy_gradient_loss": -0.00695361263351515, "train/value_loss": 13078.147058868408, "train/approx_kl": 0.005593185778707266, "train/clip_fraction": 0.053466796875, "train/loss": 5891.60546875, "train/explained_variance": 0.73277148604393, "train/std": 0.4452708661556244, "train/n_updates": 3040, "train/clip_range": 0.2, "time/iterations": 11, "rollout/ep_rew_mean": -102.97047059, "rollout/ep_len_mean": 94.06, "time/fps": 8, "time/time_elapsed": 2563, "time/total_timesteps": 22528}
{"train/learning_rate": 0.0003, "train/entropy_loss": -1.2223954509943724, "train/policy_gradient_loss": -0.005356496409513056, "train/value_loss": 5685.810711288452, "train/approx_kl": 0.005338745657354593, "train/clip_fraction": 0.03232421875, "train/loss": 1597.910400390625, "train/explained_variance": 0.9205226823687553, "train/std": 0.4467003345489502, "train/n_updates": 3050, "train/clip_range": 0.2, "time/iterations": 12, "rollout/ep_rew_mean": -133.98120256999994, "rollout/ep_len_mean": 108.42, "time/fps": 8, "time/time_elapsed": 2783, "time/total_timesteps": 24576}
{"train/learning_rate": 0.0003, "train/entropy_loss": -1.2294681325554848, "train/policy_gradient_loss": -0.004852607933571562, "train/value_loss": 4677.218684768677, "train/approx_kl": 0.002957924734801054, "train/clip_fraction": 0.03447265625, "train/loss": 1102.6788330078125, "train/explained_variance": 0.911101721227169, "train/std": 0.44891178607940674, "train/n_updates": 3060, "train/clip_range": 0.2, "time/iterations": 13, "rollout/ep_rew_mean": -93.05542337999995, "rollout/ep_len_mean": 121.69, "time/fps": 8, "time/time_elapsed": 3001, "time/total_timesteps": 26624}
{"train/learning_rate": 0.0003, "train/entropy_loss": -1.2361774802207948, "train/policy_gradient_loss": -0.0042709072411526, "train/value_loss": 6711.342813491821, "train/approx_kl": 0.0040051694959402084, "train/clip_fraction": 0.033154296875, "train/loss": 1552.816162109375, "train/explained_variance": 0.8016900718212128, "train/std": 0.4492344856262207, "train/n_updates": 3070, "train/clip_range": 0.2, "time/iterations": 14, "rollout/ep_rew_mean": -157.54232265000002, "rollout/ep_len_mean": 120.97, "time/fps": 8, "time/time_elapsed": 3228, "time/total_timesteps": 28672}
{"train/learning_rate": 0.0003, "train/entropy_loss": -1.23558302372694, "train/policy_gradient_loss": -0.005395419482374564, "train/value_loss": 4405.278678131103, "train/approx_kl": 0.004478004295378923, "train/clip_fraction": 0.025048828125, "train/loss": 1059.063720703125,